public|fish_csv
public|seed_batches
public|v_clutch_counts
public|v_clutch_instances_annotations
public|v_clutch_instances_overview
public|v_containers_crossing_candidates
public|v_containers_live
public|v_containers_overview
public|v_cross_concepts_overview
public|v_cross_plan_runs_enriched
public|v_cross_plans_enriched
public|v_crosses_status
public|v_fish_label_fields
public|v_fish_live_counts
public|v_fish_living_tank_counts
public|v_fish_overview
public|v_fish_overview_all
public|v_fish_overview_canonical
public|v_fish_overview_human
public|v_fish_search
public|v_fish_standard_clean
public|v_label_jobs_recent
public|v_overview_crosses
public|vw_bruker_mounts_enriched
public|vw_clutches_concept_overview
public|vw_clutches_overview_human
public|vw_cross_runs_overview
public|vw_crosses_concept
public|vw_fish_overview_with_label
public|vw_fish_standard
public|vw_label_rows
public|vw_planned_clutches_overview
public|vw_plasmids_overview
